81cac333,1492265906,60.151329,24.915588
63de05d3,1492266150,60.180694299999764,24.94977980000009
d813ba9e,1492266048,60.179067600000224,24.950065599999924
0814bc7c,1492266130,60.16878809999978,24.935794999999956
dcbdd56e,1492266140,60.18699439999988,24.952159200000015
63de05d3,1492266246,60.18375519999987,24.952365899999972
d813ba9e,1492266301,60.171692300000146,24.947397300000084
0814bc7c,1492266251,60.170356000000226,24.941252099999925
dcbdd56e,1492266261,60.185315299999985,24.951408299999965
64b84008,1492266296,60.19829059999979,24.940067900000074
4f352e2c,1492266276,60.154273,24.919559
63de05d3,1492266307,60.18603009999983,24.951512400000095
d813ba9e,1492266301,60.171692300000146,24.947397300000084
0814bc7c,1492266251,60.170356000000226,24.941252099999925
dcbdd56e,1492266332,60.1835062,24.952710099999962
64b84008,1492266352,60.19665080000005,24.942921399999953
4f352e2c,1492266317,60.15567630000004,24.921096400000028
63de05d3,1492266307,60.18603009999983,24.951512400000095
d813ba9e,1492266301,60.171692300000146,24.947397300000084
0814bc7c,1492266362,60.1718784000004,24.947662700000002
dcbdd56e,1492266332,60.1835062,24.952710099999962
64b84008,1492266352,60.19665080000005,24.942921399999953
4f352e2c,1492266403,60.1599322000001,24.92144009999991
63de05d3,1492266439,60.187475700000114,24.953227200000047
d813ba9e,1492266301,60.171692300000146,24.947397300000084
0814bc7c,1492266434,60.173587300000385,24.949628500000006
dcbdd56e,1492266429,60.18131169999974,24.94998989999992
64b84008,1492266474,60.19290160000045,24.94382509999999
4f352e2c,1492266403,60.1599322000001,24.92144009999991
63de05d3,1492266505,60.18978900000044,24.952289499999992
d813ba9e,1492266494,60.170435000000396,24.94067279999999
0814bc7c,1492266434,60.173587300000385,24.949628500000006
dcbdd56e,1492266530,60.179067600000224,24.950065599999924
64b84008,1492266535,60.19084260000014,24.948728800000083
4f352e2c,1492266515,60.1628055000001,24.92313209999991
63de05d3,1492266505,60.18978900000044,24.952289499999992
d813ba9e,1492266494,60.170435000000396,24.94067279999999
0814bc7c,1492266575,60.1792208,24.950206799999957
dcbdd56e,1492266530,60.179067600000224,24.950065599999924
64b84008,1492266535,60.19084260000014,24.948728800000083
4f352e2c,1492266515,60.1628055000001,24.92313209999991
63de05d3,1492266621,60.19097220000005,24.94864309999996
d813ba9e,1492266494,60.170435000000396,24.94067279999999
0814bc7c,1492266575,60.1792208,24.950206799999957
dcbdd56e,1492266530,60.179067600000224,24.950065599999924
64b84008,1492266616,60.18894099999992,24.95279479999998
4f352e2c,1492266626,60.16541510000004,24.92695000000003
63de05d3,1492266681,60.19306000000044,24.943663799999992
d813ba9e,1492266676,60.16878209999978,24.935461699999955
0814bc7c,1492266671,60.180694299999764,24.94977980000009
dcbdd56e,1492266666,60.1733634,24.949187600000023
64b84008,1492266671,60.18699439999988,24.952159200000015
4f352e2c,1492266717,60.167942399999994,24.93151679999993
63de05d3,1492266732,60.19437860000044,24.94533329999999
d813ba9e,1492266762,60.1678048000001,24.93125189999991
0814bc7c,1492266762,60.18375519999987,24.952365899999972
dcbdd56e,1492266722,60.171692300000146,24.947397300000084
64b84008,1492266752,60.185315299999985,24.951408299999965
4f352e2c,1492266717,60.167942399999994,24.93151679999993
63de05d3,1492266809,60.196742899999784,24.941734800000074
d813ba9e,1492266839,60.16547630000004,24.92686210000003
0814bc7c,1492266839,60.18603009999983,24.951512400000095
dcbdd56e,1492266722,60.171692300000146,24.947397300000084
64b84008,1492266829,60.1835062,24.952710099999962
4f352e2c,1492266717,60.167942399999994,24.93151679999993
63de05d3,1492266864,60.19818569999979,24.940630800000072
d813ba9e,1492266839,60.16547630000004,24.92686210000003
0814bc7c,1492266839,60.18603009999983,24.951512400000095
dcbdd56e,1492266889,60.170435000000396,24.94067279999999
64b84008,1492266829,60.1835062,24.952710099999962
4f352e2c,1492266879,60.16878809999978,24.935794999999956
63de05d3,1492266935,60.20111269999995,24.939323199999944
d813ba9e,1492266940,60.1626481000001,24.923154399999913
0814bc7c,1492266960,60.187475700000114,24.953227200000047
dcbdd56e,1492266889,60.170435000000396,24.94067279999999
64b84008,1492266915,60.18131169999974,24.94998989999992
4f352e2c,1492266879,60.16878809999978,24.935794999999956
63de05d3,1492266935,60.20111269999995,24.939323199999944
d813ba9e,1492266940,60.1626481000001,24.923154399999913
0814bc7c,1492266960,60.187475700000114,24.953227200000047
dcbdd56e,1492266889,60.170435000000396,24.94067279999999
64b84008,1492267011,60.179067600000224,24.950065599999924
4f352e2c,1492267006,60.170356000000226,24.941252099999925
63de05d3,1492267021,60.20141510000001,24.936695599999982
d813ba9e,1492267062,60.1599007000001,24.92131789999991
0814bc7c,1492267032,60.18978900000044,24.952289499999992
dcbdd56e,1492267052,60.16878209999978,24.935461699999955
64b84008,1492267011,60.179067600000224,24.950065599999924
4f352e2c,1492267006,60.170356000000226,24.941252099999925
63de05d3,1492267021,60.20141510000001,24.936695599999982
d813ba9e,1492267122,60.15560630000004,24.92083810000003
0814bc7c,1492267087,60.19097220000005,24.94864309999996
dcbdd56e,1492267052,60.16878209999978,24.935461699999955
64b84008,1492267011,60.179067600000224,24.950065599999924
4f352e2c,1492267102,60.1718784000004,24.947662700000002
63de05d3,1492267021,60.20141510000001,24.936695599999982
d813ba9e,1492267193,60.15407,24.919259
0814bc7c,1492267148,60.19306000000044,24.943663799999992
dcbdd56e,1492267163,60.1678048000001,24.93125189999991
64b84008,1492267198,60.1733634,24.949187600000023
4f352e2c,1492267183,60.173587300000385,24.949628500000006
63de05d3,1492267021,60.20141510000001,24.936695599999982
d813ba9e,1492267255,60.151329,24.915588
0814bc7c,1492267208,60.19437860000044,24.94533329999999
dcbdd56e,1492267250,60.16547630000004,24.92686210000003
64b84008,1492267198,60.1733634,24.949187600000023
4f352e2c,1492267183,60.173587300000385,24.949628500000006
d813ba9e,1492267255,60.151329,24.915588
0814bc7c,1492267290,60.196742899999784,24.941734800000074
dcbdd56e,1492267250,60.16547630000004,24.92686210000003
64b84008,1492267275,60.171692300000146,24.947397300000084
4f352e2c,1492267183,60.173587300000385,24.949628500000006
d813ba9e,1492267255,60.151329,24.915588
0814bc7c,1492267336,60.19818569999979,24.940630800000072
dcbdd56e,1492267351,60.1626481000001,24.923154399999913
64b84008,1492267275,60.171692300000146,24.947397300000084
4f352e2c,1492267183,60.173587300000385,24.949628500000006
d813ba9e,1492267255,60.151329,24.915588
0814bc7c,1492267427,60.20111269999995,24.939323199999944
dcbdd56e,1492267351,60.1626481000001,24.923154399999913
64b84008,1492267396,60.170435000000396,24.94067279999999
4f352e2c,1492267416,60.1792208,24.950206799999957
5570f076,1492267432,60.154273,24.919559
4ee79b09,1492267401,60.19900629999995,24.93435149999994
d813ba9e,1492267255,60.151329,24.915588
0814bc7c,1492267477,60.20141510000001,24.936695599999982
dcbdd56e,1492267497,60.1599007000001,24.92131789999991
64b84008,1492267396,60.170435000000396,24.94067279999999
4f352e2c,1492267497,60.180694299999764,24.94977980000009
5570f076,1492267462,60.15567630000004,24.921096400000028
4ee79b09,1492267401,60.19900629999995,24.93435149999994
0814bc7c,1492267477,60.20141510000001,24.936695599999982
dcbdd56e,1492267497,60.1599007000001,24.92131789999991
64b84008,1492267396,60.170435000000396,24.94067279999999
4f352e2c,1492267497,60.180694299999764,24.94977980000009
5570f076,1492267548,60.1599322000001,24.92144009999991
4ee79b09,1492267528,60.19829059999979,24.940067900000074
0814bc7c,1492267477,60.20141510000001,24.936695599999982
dcbdd56e,1492267604,60.15560630000004,24.92083810000003
64b84008,1492267594,60.16878209999978,24.935461699999955
4f352e2c,1492267594,60.18375519999987,24.952365899999972
5570f076,1492267548,60.1599322000001,24.92144009999991
4ee79b09,1492267584,60.19665080000005,24.942921399999953
0814bc7c,1492267477,60.20141510000001,24.936695599999982
dcbdd56e,1492267635,60.15407,24.919259
64b84008,1492267675,60.1678048000001,24.93125189999991
4f352e2c,1492267655,60.18603009999983,24.951512400000095
5570f076,1492267640,60.1628055000001,24.92313209999991
4ee79b09,1492267665,60.19433160000044,24.94498059999999
0814bc7c,1492267477,60.20141510000001,24.936695599999982
dcbdd56e,1492267635,60.15407,24.919259
64b84008,1492267675,60.1678048000001,24.93125189999991
4f352e2c,1492267655,60.18603009999983,24.951512400000095
5570f076,1492267640,60.1628055000001,24.92313209999991
4ee79b09,1492267665,60.19433160000044,24.94498059999999
dcbdd56e,1492267635,60.15407,24.919259
64b84008,1492267781,60.16547630000004,24.92686210000003
4f352e2c,1492267746,60.187475700000114,24.953227200000047
5570f076,1492267756,60.16541510000004,24.92695000000003
4ee79b09,1492267771,60.19290160000045,24.94382509999999
dcbdd56e,1492267635,60.15407,24.919259
64b84008,1492267781,60.16547630000004,24.92686210000003
4f352e2c,1492267832,60.18978900000044,24.952289499999992
5570f076,1492267837,60.167942399999994,24.93151679999993
4ee79b09,1492267837,60.19084260000014,24.948728800000083
dcbdd56e,1492267635,60.15407,24.919259
64b84008,1492267781,60.16547630000004,24.92686210000003
4f352e2c,1492267908,60.19097220000005,24.94864309999996
5570f076,1492267903,60.16878809999978,24.935794999999956
4ee79b09,1492267837,60.19084260000014,24.948728800000083
64b84008,1492267929,60.1626481000001,24.923154399999913
4f352e2c,1492267979,60.19306000000044,24.943663799999992
5570f076,1492267903,60.16878809999978,24.935794999999956
4ee79b09,1492267944,60.18894099999992,24.95279479999998
64b84008,1492267929,60.1626481000001,24.923154399999913
4f352e2c,1492268035,60.19437860000044,24.94533329999999
5570f076,1492267903,60.16878809999978,24.935794999999956
4ee79b09,1492268010,60.18699439999988,24.952159200000015
3105aa39,1492267984,60.151217,24.916251
0bd5feaa,1492268000,60.19900629999995,24.93435149999994
64b84008,1492268060,60.1599007000001,24.92131789999991
4f352e2c,1492268035,60.19437860000044,24.94533329999999
5570f076,1492267903,60.16878809999978,24.935794999999956
4ee79b09,1492268010,60.18699439999988,24.952159200000015
3105aa39,1492268045,60.154273,24.919559
0bd5feaa,1492268000,60.19900629999995,24.93435149999994
64b84008,1492268131,60.15560630000004,24.92083810000003
4f352e2c,1492268126,60.196742899999784,24.941734800000074
5570f076,1492267903,60.16878809999978,24.935794999999956
4ee79b09,1492268136,60.185315299999985,24.951408299999965
3105aa39,1492268121,60.15567630000004,24.921096400000028
0bd5feaa,1492268121,60.19829059999979,24.940067900000074
64b84008,1492268186,60.15407,24.919259
4f352e2c,1492268176,60.19818569999979,24.940630800000072
5570f076,1492268186,60.1718784000004,24.947662700000002
4ee79b09,1492268202,60.1835062,24.952710099999962
3105aa39,1492268121,60.15567630000004,24.921096400000028
0bd5feaa,1492268171,60.19665080000005,24.942921399999953
64b84008,1492268232,60.151329,24.915588
4f352e2c,1492268258,60.20111269999995,24.939323199999944
5570f076,1492268237,60.173587300000385,24.949628500000006
4ee79b09,1492268202,60.1835062,24.952710099999962
3105aa39,1492268227,60.1599322000001,24.92144009999991
0bd5feaa,1492268237,60.19433160000044,24.94498059999999
64b84008,1492268232,60.151329,24.915588
4f352e2c,1492268258,60.20111269999995,24.939323199999944
5570f076,1492268237,60.173587300000385,24.949628500000006
4ee79b09,1492268283,60.18131169999974,24.94998989999992
3105aa39,1492268333,60.1628055000001,24.92313209999991
0bd5feaa,1492268338,60.19084260000014,24.948728800000083
64b84008,1492268232,60.151329,24.915588
4f352e2c,1492268258,60.20111269999995,24.939323199999944
5570f076,1492268373,60.1792208,24.950206799999957
4ee79b09,1492268385,60.179067600000224,24.950065599999924
3105aa39,1492268333,60.1628055000001,24.92313209999991
0bd5feaa,1492268338,60.19084260000014,24.948728800000083
64b84008,1492268232,60.151329,24.915588
4f352e2c,1492268461,60.20141510000001,24.936695599999982
5570f076,1492268461,60.180694299999764,24.94977980000009
4ee79b09,1492268385,60.179067600000224,24.950065599999924
3105aa39,1492268445,60.16541510000004,24.92695000000003
0bd5feaa,1492268430,60.18894099999992,24.95279479999998
64b84008,1492268232,60.151329,24.915588
4f352e2c,1492268461,60.20141510000001,24.936695599999982
5570f076,1492268461,60.180694299999764,24.94977980000009
4ee79b09,1492268385,60.179067600000224,24.950065599999924
3105aa39,1492268445,60.16541510000004,24.92695000000003
0bd5feaa,1492268491,60.18699439999988,24.952159200000015
4f352e2c,1492268461,60.20141510000001,24.936695599999982
5570f076,1492268461,60.180694299999764,24.94977980000009
4ee79b09,1492268546,60.1733634,24.949187600000023
3105aa39,1492268536,60.167942399999994,24.93151679999993
0bd5feaa,1492268572,60.185315299999985,24.951408299999965
4f352e2c,1492268461,60.20141510000001,24.936695599999982
5570f076,1492268607,60.18375519999987,24.952365899999972
4ee79b09,1492268546,60.1733634,24.949187600000023
3105aa39,1492268632,60.16878809999978,24.935794999999956
0bd5feaa,1492268637,60.1835062,24.952710099999962
d1008f02,1492268597,60.151217,24.916251
28677151,1492268642,60.19900629999995,24.93435149999994
4f352e2c,1492268461,60.20141510000001,24.936695599999982
5570f076,1492268683,60.18603009999983,24.951512400000095
4ee79b09,1492268642,60.171692300000146,24.947397300000084
3105aa39,1492268632,60.16878809999978,24.935794999999956
0bd5feaa,1492268637,60.1835062,24.952710099999962
d1008f02,1492268698,60.15567630000004,24.921096400000028
28677151,1492268759,60.19829059999979,24.940067900000074
5570f076,1492268683,60.18603009999983,24.951512400000095
4ee79b09,1492268642,60.171692300000146,24.947397300000084
3105aa39,1492268632,60.16878809999978,24.935794999999956
0bd5feaa,1492268703,60.18131169999974,24.94998989999992
d1008f02,1492268698,60.15567630000004,24.921096400000028
28677151,1492268819,60.19665080000005,24.942921399999953
5570f076,1492268683,60.18603009999983,24.951512400000095
4ee79b09,1492268775,60.170435000000396,24.94067279999999
3105aa39,1492268799,60.170356000000226,24.941252099999925
0bd5feaa,1492268775,60.179067600000224,24.950065599999924
d1008f02,1492268698,60.15567630000004,24.921096400000028
28677151,1492268819,60.19665080000005,24.942921399999953
5570f076,1492268845,60.187475700000114,24.953227200000047
4ee79b09,1492268860,60.16878209999978,24.935461699999955
3105aa39,1492268799,60.170356000000226,24.941252099999925
0bd5feaa,1492268775,60.179067600000224,24.950065599999924
d1008f02,1492268845,60.1599322000001,24.92144009999991
28677151,1492268911,60.19433160000044,24.94498059999999
5570f076,1492268911,60.18978900000044,24.952289499999992
4ee79b09,1492268860,60.16878209999978,24.935461699999955
3105aa39,1492268799,60.170356000000226,24.941252099999925
0bd5feaa,1492268775,60.179067600000224,24.950065599999924
d1008f02,1492268936,60.1628055000001,24.92313209999991
28677151,1492268967,60.19290160000045,24.94382509999999
5570f076,1492268911,60.18978900000044,24.952289499999992
4ee79b09,1492268952,60.1678048000001,24.93125189999991
3105aa39,1492268947,60.1718784000004,24.947662700000002
0bd5feaa,1492268992,60.1733634,24.949187600000023
d1008f02,1492268936,60.1628055000001,24.92313209999991
28677151,1492269033,60.19084260000014,24.948728800000083
5570f076,1492269007,60.19097220000005,24.94864309999996
4ee79b09,1492269038,60.16547630000004,24.92686210000003
3105aa39,1492268947,60.1718784000004,24.947662700000002
0bd5feaa,1492268992,60.1733634,24.949187600000023
d1008f02,1492269038,60.16541510000004,24.92695000000003
28677151,1492269033,60.19084260000014,24.948728800000083
5570f076,1492269103,60.19437860000044,24.94533329999999
4ee79b09,1492269038,60.16547630000004,24.92686210000003
3105aa39,1492269063,60.173587300000385,24.949628500000006
0bd5feaa,1492269088,60.171692300000146,24.947397300000084
d1008f02,1492269038,60.16541510000004,24.92695000000003
28677151,1492269134,60.18894099999992,24.95279479999998
5570f076,1492269103,60.19437860000044,24.94533329999999
4ee79b09,1492269123,60.1626481000001,24.923154399999913
3105aa39,1492269063,60.173587300000385,24.949628500000006
0bd5feaa,1492269088,60.171692300000146,24.947397300000084
d1008f02,1492269129,60.167942399999994,24.93151679999993
28677151,1492269199,60.18699439999988,24.952159200000015
5570f076,1492269209,60.196742899999784,24.941734800000074
4ee79b09,1492269123,60.1626481000001,24.923154399999913
3105aa39,1492269063,60.173587300000385,24.949628500000006
0bd5feaa,1492269088,60.171692300000146,24.947397300000084
d1008f02,1492269225,60.16878809999978,24.935794999999956
28677151,1492269199,60.18699439999988,24.952159200000015
5570f076,1492269256,60.19818569999979,24.940630800000072
4ee79b09,1492269246,60.1599007000001,24.92131789999991
3105aa39,1492269063,60.173587300000385,24.949628500000006
0bd5feaa,1492269276,60.170435000000396,24.94067279999999
d1008f02,1492269225,60.16878809999978,24.935794999999956
28677151,1492269321,60.185315299999985,24.951408299999965
5570f076,1492269337,60.20111269999995,24.939323199999944
4ee79b09,1492269332,60.15560630000004,24.92083810000003
3105aa39,1492269352,60.1792208,24.950206799999957
0bd5feaa,1492269357,60.16878209999978,24.935461699999955
d1008f02,1492269225,60.16878809999978,24.935794999999956
28677151,1492269321,60.185315299999985,24.951408299999965
5570f076,1492269387,60.20141510000001,24.936695599999982
4ee79b09,1492269367,60.15407,24.919259
3105aa39,1492269352,60.1792208,24.950206799999957
0bd5feaa,1492269357,60.16878209999978,24.935461699999955
d1008f02,1492269362,60.170356000000226,24.941252099999925
28677151,1492269437,60.1835062,24.952710099999962
5570f076,1492269387,60.20141510000001,24.936695599999982
4ee79b09,1492269427,60.151329,24.915588
3105aa39,1492269478,60.180694299999764,24.94977980000009
0bd5feaa,1492269457,60.1678048000001,24.93125189999991
d1008f02,1492269447,60.1718784000004,24.947662700000002
28677151,1492269519,60.18131169999974,24.94998989999992
5570f076,1492269387,60.20141510000001,24.936695599999982
4ee79b09,1492269427,60.151329,24.915588
3105aa39,1492269478,60.180694299999764,24.94977980000009
0bd5feaa,1492269539,60.16547630000004,24.92686210000003
d1008f02,1492269509,60.173587300000385,24.949628500000006
28677151,1492269595,60.179067600000224,24.950065599999924
5570f076,1492269387,60.20141510000001,24.936695599999982
4ee79b09,1492269427,60.151329,24.915588
3105aa39,1492269600,60.18603009999983,24.951512400000095
0bd5feaa,1492269539,60.16547630000004,24.92686210000003
d1008f02,1492269509,60.173587300000385,24.949628500000006
28677151,1492269595,60.179067600000224,24.950065599999924
5570f076,1492269387,60.20141510000001,24.936695599999982
4ee79b09,1492269427,60.151329,24.915588
3105aa39,1492269600,60.18603009999983,24.951512400000095
0bd5feaa,1492269539,60.16547630000004,24.92686210000003
d1008f02,1492269509,60.173587300000385,24.949628500000006
28677151,1492269595,60.179067600000224,24.950065599999924
4ee79b09,1492269427,60.151329,24.915588
3105aa39,1492269696,60.187475700000114,24.953227200000047
0bd5feaa,1492269681,60.1626481000001,24.923154399999913
d1008f02,1492269670,60.1792208,24.950206799999957
28677151,1492269761,60.1733634,24.949187600000023
3105aa39,1492269776,60.18978900000044,24.952289499999992
0bd5feaa,1492269776,60.1599007000001,24.92131789999991
d1008f02,1492269726,60.180694299999764,24.94977980000009
28677151,1492269832,60.171692300000146,24.947397300000084
3105aa39,1492269827,60.19097220000005,24.94864309999996
0bd5feaa,1492269776,60.1599007000001,24.92131789999991
d1008f02,1492269726,60.180694299999764,24.94977980000009
396abe9d,1492269797,60.151217,24.916251
266f9225,1492269807,60.19900629999995,24.93435149999994
28677151,1492269832,60.171692300000146,24.947397300000084
3105aa39,1492269878,60.19306000000044,24.943663799999992
0bd5feaa,1492269868,60.15560630000004,24.92083810000003
d1008f02,1492269842,60.18375519999987,24.952365899999972
396abe9d,1492269873,60.154273,24.919559
266f9225,1492269807,60.19900629999995,24.93435149999994
28677151,1492269832,60.171692300000146,24.947397300000084
3105aa39,1492269924,60.19437860000044,24.94533329999999
0bd5feaa,1492269904,60.15407,24.919259
d1008f02,1492269909,60.18603009999983,24.951512400000095
396abe9d,1492269909,60.15567630000004,24.921096400000028
266f9225,1492269929,60.19829059999979,24.940067900000074
28677151,1492269832,60.171692300000146,24.947397300000084
3105aa39,1492269924,60.19437860000044,24.94533329999999
0bd5feaa,1492269969,60.151329,24.915588
d1008f02,1492269999,60.187475700000114,24.953227200000047
396abe9d,1492270009,60.1599322000001,24.92144009999991
266f9225,1492269979,60.19665080000005,24.942921399999953
28677151,1492269832,60.171692300000146,24.947397300000084
3105aa39,1492270035,60.196742899999784,24.941734800000074
0bd5feaa,1492269969,60.151329,24.915588
d1008f02,1492269999,60.187475700000114,24.953227200000047
396abe9d,1492270009,60.1599322000001,24.92144009999991
266f9225,1492270045,60.19433160000044,24.94498059999999
28677151,1492270120,60.170435000000396,24.94067279999999
3105aa39,1492270085,60.19818569999979,24.940630800000072
0bd5feaa,1492269969,60.151329,24.915588
d1008f02,1492270095,60.18978900000044,24.952289499999992
396abe9d,1492270100,60.1628055000001,24.92313209999991
266f9225,1492270105,60.19290160000045,24.94382509999999
28677151,1492270120,60.170435000000396,24.94067279999999
3105aa39,1492270180,60.20141510000001,24.936695599999982
0bd5feaa,1492269969,60.151329,24.915588
d1008f02,1492270155,60.19097220000005,24.94864309999996
396abe9d,1492270100,60.1628055000001,24.92313209999991
266f9225,1492270186,60.19084260000014,24.948728800000083
28677151,1492270120,60.170435000000396,24.94067279999999
3105aa39,1492270180,60.20141510000001,24.936695599999982
0bd5feaa,1492269969,60.151329,24.915588
d1008f02,1492270217,60.19306000000044,24.943663799999992
396abe9d,1492270212,60.16541510000004,24.92695000000003
266f9225,1492270257,60.18894099999992,24.95279479999998
28677151,1492270282,60.16878209999978,24.935461699999955
3105aa39,1492270180,60.20141510000001,24.936695599999982
d1008f02,1492270267,60.19437860000044,24.94533329999999
396abe9d,1492270297,60.167942399999994,24.93151679999993
266f9225,1492270257,60.18894099999992,24.95279479999998
28677151,1492270282,60.16878209999978,24.935461699999955
3105aa39,1492270180,60.20141510000001,24.936695599999982
d1008f02,1492270337,60.196742899999784,24.941734800000074
396abe9d,1492270297,60.167942399999994,24.93151679999993
266f9225,1492270327,60.18699439999988,24.952159200000015
28677151,1492270388,60.1678048000001,24.93125189999991
3105aa39,1492270180,60.20141510000001,24.936695599999982
d1008f02,1492270393,60.19818569999979,24.940630800000072
396abe9d,1492270408,60.16878809999978,24.935794999999956
266f9225,1492270433,60.185315299999985,24.951408299999965
20ecda7b,1492270383,60.19900629999995,24.93435149999994
a73b0da4,1492270393,60.151217,24.916251
28677151,1492270475,60.16547630000004,24.92686210000003
d1008f02,1492270490,60.20141510000001,24.936695599999982
396abe9d,1492270408,60.16878809999978,24.935794999999956
266f9225,1492270433,60.185315299999985,24.951408299999965
20ecda7b,1492270475,60.19829059999979,24.940067900000074
a73b0da4,1492270470,60.154273,24.919559
28677151,1492270475,60.16547630000004,24.92686210000003
d1008f02,1492270490,60.20141510000001,24.936695599999982
396abe9d,1492270408,60.16878809999978,24.935794999999956
266f9225,1492270505,60.1835062,24.952710099999962
20ecda7b,1492270535,60.19665080000005,24.942921399999953
a73b0da4,1492270514,60.15567630000004,24.921096400000028
28677151,1492270606,60.1626481000001,24.923154399999913
d1008f02,1492270490,60.20141510000001,24.936695599999982
396abe9d,1492270408,60.16878809999978,24.935794999999956
266f9225,1492270586,60.18131169999974,24.94998989999992
20ecda7b,1492270601,60.19433160000044,24.94498059999999
a73b0da4,1492270596,60.1599322000001,24.92144009999991
28677151,1492270606,60.1626481000001,24.923154399999913
d1008f02,1492270490,60.20141510000001,24.936695599999982
396abe9d,1492270672,60.170356000000226,24.941252099999925
266f9225,1492270667,60.179067600000224,24.950065599999924
20ecda7b,1492270652,60.19290160000045,24.94382509999999
a73b0da4,1492270596,60.1599322000001,24.92144009999991
28677151,1492270707,60.1599007000001,24.92131789999991
d1008f02,1492270490,60.20141510000001,24.936695599999982
396abe9d,1492270672,60.170356000000226,24.941252099999925
266f9225,1492270667,60.179067600000224,24.950065599999924
20ecda7b,1492270707,60.19084260000014,24.948728800000083
a73b0da4,1492270687,60.1628055000001,24.92313209999991
28677151,1492270707,60.1599007000001,24.92131789999991
396abe9d,1492270753,60.1718784000004,24.947662700000002
266f9225,1492270667,60.179067600000224,24.950065599999924
20ecda7b,1492270707,60.19084260000014,24.948728800000083
a73b0da4,1492270687,60.1628055000001,24.92313209999991
28677151,1492270844,60.15407,24.919259
396abe9d,1492270753,60.1718784000004,24.947662700000002
266f9225,1492270829,60.1733634,24.949187600000023
20ecda7b,1492270803,60.18894099999992,24.95279479999998
a73b0da4,1492270687,60.1628055000001,24.92313209999991
28677151,1492270914,60.151329,24.915588
396abe9d,1492270864,60.173587300000385,24.949628500000006
266f9225,1492270884,60.171692300000146,24.947397300000084
20ecda7b,1492270879,60.18699439999988,24.952159200000015
a73b0da4,1492270687,60.1628055000001,24.92313209999991
28677151,1492270914,60.151329,24.915588
396abe9d,1492270864,60.173587300000385,24.949628500000006
266f9225,1492270884,60.171692300000146,24.947397300000084
20ecda7b,1492270940,60.185315299999985,24.951408299999965
a73b0da4,1492270940,60.16541510000004,24.92695000000003
28677151,1492270914,60.151329,24.915588
396abe9d,1492270864,60.173587300000385,24.949628500000006
266f9225,1492271026,60.170435000000396,24.94067279999999
20ecda7b,1492270985,60.1835062,24.952710099999962
a73b0da4,1492271026,60.167942399999994,24.93151679999993
7fb3b444,1492270996,60.19900629999995,24.93435149999994
28677151,1492270914,60.151329,24.915588
396abe9d,1492270864,60.173587300000385,24.949628500000006
266f9225,1492271026,60.170435000000396,24.94067279999999
20ecda7b,1492271056,60.18131169999974,24.94998989999992
a73b0da4,1492271026,60.167942399999994,24.93151679999993
7fb3b444,1492271091,60.19829059999979,24.940067900000074
28677151,1492270914,60.151329,24.915588
396abe9d,1492271153,60.1792208,24.950206799999957
266f9225,1492271026,60.170435000000396,24.94067279999999
20ecda7b,1492271056,60.18131169999974,24.94998989999992
a73b0da4,1492271101,60.16878809999978,24.935794999999956
7fb3b444,1492271148,60.19665080000005,24.942921399999953
396abe9d,1492271153,60.1792208,24.950206799999957
266f9225,1492271168,60.16878209999978,24.935461699999955
20ecda7b,1492271163,60.179067600000224,24.950065599999924
a73b0da4,1492271101,60.16878809999978,24.935794999999956
7fb3b444,1492271148,60.19665080000005,24.942921399999953
396abe9d,1492271224,60.180694299999764,24.94977980000009
266f9225,1492271264,60.1678048000001,24.93125189999991
20ecda7b,1492271249,60.1733634,24.949187600000023
a73b0da4,1492271254,60.170356000000226,24.941252099999925
7fb3b444,1492271239,60.19433160000044,24.94498059999999
396abe9d,1492271309,60.18375519999987,24.952365899999972
266f9225,1492271264,60.1678048000001,24.93125189999991
20ecda7b,1492271304,60.171692300000146,24.947397300000084
a73b0da4,1492271330,60.1718784000004,24.947662700000002
7fb3b444,1492271299,60.19290160000045,24.94382509999999
8d94003c,1492271315,60.151217,24.916251
396abe9d,1492271370,60.18603009999983,24.951512400000095
266f9225,1492271391,60.16547630000004,24.92686210000003
20ecda7b,1492271401,60.170435000000396,24.94067279999999
a73b0da4,1492271401,60.173587300000385,24.949628500000006
7fb3b444,1492271355,60.19084260000014,24.948728800000083
8d94003c,1492271391,60.154273,24.919559
396abe9d,1492271370,60.18603009999983,24.951512400000095
266f9225,1492271391,60.16547630000004,24.92686210000003
20ecda7b,1492271401,60.170435000000396,24.94067279999999
a73b0da4,1492271401,60.173587300000385,24.949628500000006
7fb3b444,1492271355,60.19084260000014,24.948728800000083
8d94003c,1492271441,60.15567630000004,24.921096400000028
396abe9d,1492271477,60.187475700000114,24.953227200000047
266f9225,1492271466,60.1626481000001,24.923154399999913
20ecda7b,1492271482,60.16878209999978,24.935461699999955
a73b0da4,1492271401,60.173587300000385,24.949628500000006
7fb3b444,1492271466,60.18894099999992,24.95279479999998
8d94003c,1492271441,60.15567630000004,24.921096400000028
396abe9d,1492271548,60.18978900000044,24.952289499999992
266f9225,1492271466,60.1626481000001,24.923154399999913
20ecda7b,1492271553,60.1678048000001,24.93125189999991
a73b0da4,1492271401,60.173587300000385,24.949628500000006
7fb3b444,1492271558,60.18699439999988,24.952159200000015
8d94003c,1492271553,60.1599322000001,24.92144009999991
396abe9d,1492271548,60.18978900000044,24.952289499999992
266f9225,1492271588,60.1599007000001,24.92131789999991
20ecda7b,1492271624,60.16547630000004,24.92686210000003
a73b0da4,1492271593,60.1792208,24.950206799999957
7fb3b444,1492271558,60.18699439999988,24.952159200000015
8d94003c,1492271553,60.1599322000001,24.92144009999991
396abe9d,1492271659,60.19097220000005,24.94864309999996
266f9225,1492271700,60.15407,24.919259
20ecda7b,1492271624,60.16547630000004,24.92686210000003
a73b0da4,1492271593,60.1792208,24.950206799999957
7fb3b444,1492271680,60.185315299999985,24.951408299999965
8d94003c,1492271680,60.1628055000001,24.92313209999991
396abe9d,1492271725,60.19306000000044,24.943663799999992
266f9225,1492271700,60.15407,24.919259
20ecda7b,1492271725,60.1626481000001,24.923154399999913
a73b0da4,1492271593,60.1792208,24.950206799999957
7fb3b444,1492271745,60.1835062,24.952710099999962
8d94003c,1492271680,60.1628055000001,24.92313209999991
396abe9d,1492271780,60.19437860000044,24.94533329999999
266f9225,1492271700,60.15407,24.919259
20ecda7b,1492271725,60.1626481000001,24.923154399999913
a73b0da4,1492271765,60.18375519999987,24.952365899999972
7fb3b444,1492271816,60.18131169999974,24.94998989999992
8d94003c,1492271780,60.16541510000004,24.92695000000003
396abe9d,1492271871,60.196742899999784,24.941734800000074
266f9225,1492271700,60.15407,24.919259
20ecda7b,1492271821,60.1599007000001,24.92131789999991
a73b0da4,1492271826,60.18603009999983,24.951512400000095
7fb3b444,1492271816,60.18131169999974,24.94998989999992
8d94003c,1492271780,60.16541510000004,24.92695000000003
3a4511c4,1492271856,60.15129,24.916163
396abe9d,1492271916,60.19818569999979,24.940630800000072
266f9225,1492271700,60.15407,24.919259
20ecda7b,1492271906,60.15560630000004,24.92083810000003
a73b0da4,1492271901,60.187475700000114,24.953227200000047
7fb3b444,1492271906,60.179067600000224,24.950065599999924
8d94003c,1492271886,60.167942399999994,24.93151679999993
3a4511c4,1492271921,60.154273,24.919559
396abe9d,1492271916,60.19818569999979,24.940630800000072
20ecda7b,1492271942,60.15407,24.919259
a73b0da4,1492271977,60.18978900000044,24.952289499999992
7fb3b444,1492271906,60.179067600000224,24.950065599999924
8d94003c,1492271886,60.167942399999994,24.93151679999993
3a4511c4,1492271962,60.15567630000004,24.921096400000028
396abe9d,1492272013,60.20111269999995,24.939323199999944
20ecda7b,1492271942,60.15407,24.919259
a73b0da4,1492272058,60.19097220000005,24.94864309999996
7fb3b444,1492271906,60.179067600000224,24.950065599999924
8d94003c,1492271886,60.167942399999994,24.93151679999993
3a4511c4,1492272058,60.1599322000001,24.92144009999991
396abe9d,1492272063,60.20141510000001,24.936695599999982
20ecda7b,1492271942,60.15407,24.919259
a73b0da4,1492272058,60.19097220000005,24.94864309999996
7fb3b444,1492272068,60.1733634,24.949187600000023
8d94003c,1492271886,60.167942399999994,24.93151679999993
3a4511c4,1492272058,60.1599322000001,24.92144009999991
396abe9d,1492272063,60.20141510000001,24.936695599999982
20ecda7b,1492271942,60.15407,24.919259
a73b0da4,1492272164,60.19437860000044,24.94533329999999
7fb3b444,1492272068,60.1733634,24.949187600000023
8d94003c,1492271886,60.167942399999994,24.93151679999993
3a4511c4,1492272159,60.1628055000001,24.92313209999991
396abe9d,1492272063,60.20141510000001,24.936695599999982
20ecda7b,1492271942,60.15407,24.919259
a73b0da4,1492272164,60.19437860000044,24.94533329999999
7fb3b444,1492272189,60.171692300000146,24.947397300000084
8d94003c,1492272205,60.170356000000226,24.941252099999925
3a4511c4,1492272159,60.1628055000001,24.92313209999991
67ee18d4,1492272199,60.151217,24.916251
099fd64c,1492272205,60.19900629999995,24.93435149999994
396abe9d,1492272063,60.20141510000001,24.936695599999982
a73b0da4,1492272286,60.196742899999784,24.941734800000074
7fb3b444,1492272189,60.171692300000146,24.947397300000084
8d94003c,1492272291,60.1718784000004,24.947662700000002
3a4511c4,1492272241,60.16541510000004,24.92695000000003
67ee18d4,1492272256,60.154273,24.919559
099fd64c,1492272291,60.19829059999979,24.940067900000074
396abe9d,1492272063,60.20141510000001,24.936695599999982
a73b0da4,1492272336,60.19818569999979,24.940630800000072
7fb3b444,1492272306,60.170435000000396,24.94067279999999
8d94003c,1492272291,60.1718784000004,24.947662700000002
3a4511c4,1492272326,60.167942399999994,24.93151679999993
67ee18d4,1492272331,60.15567630000004,24.921096400000028
099fd64c,1492272346,60.19665080000005,24.942921399999953
a73b0da4,1492272403,60.20111269999995,24.939323199999944
7fb3b444,1492272306,60.170435000000396,24.94067279999999
8d94003c,1492272367,60.173587300000385,24.949628500000006
3a4511c4,1492272326,60.167942399999994,24.93151679999993
67ee18d4,1492272331,60.15567630000004,24.921096400000028
099fd64c,1492272346,60.19665080000005,24.942921399999953
a73b0da4,1492272478,60.20141510000001,24.936695599999982
7fb3b444,1492272306,60.170435000000396,24.94067279999999
8d94003c,1492272367,60.173587300000385,24.949628500000006
3a4511c4,1492272326,60.167942399999994,24.93151679999993
67ee18d4,1492272423,60.1599322000001,24.92144009999991
099fd64c,1492272468,60.19290160000045,24.94382509999999
a73b0da4,1492272478,60.20141510000001,24.936695599999982
7fb3b444,1492272509,60.16878209999978,24.935461699999955
8d94003c,1492272367,60.173587300000385,24.949628500000006
3a4511c4,1492272326,60.167942399999994,24.93151679999993
67ee18d4,1492272499,60.1628055000001,24.92313209999991
099fd64c,1492272524,60.19084260000014,24.948728800000083
a73b0da4,1492272478,60.20141510000001,24.936695599999982
7fb3b444,1492272509,60.16878209999978,24.935461699999955
8d94003c,1492272580,60.1792208,24.950206799999957
3a4511c4,1492272544,60.170356000000226,24.941252099999925
67ee18d4,1492272499,60.1628055000001,24.92313209999991
099fd64c,1492272524,60.19084260000014,24.948728800000083
a73b0da4,1492272478,60.20141510000001,24.936695599999982
7fb3b444,1492272605,60.1678048000001,24.93125189999991
8d94003c,1492272580,60.1792208,24.950206799999957
3a4511c4,1492272544,60.170356000000226,24.941252099999925
67ee18d4,1492272615,60.16541510000004,24.92695000000003
099fd64c,1492272640,60.18894099999992,24.95279479999998
a73b0da4,1492272478,60.20141510000001,24.936695599999982
7fb3b444,1492272696,60.16547630000004,24.92686210000003
8d94003c,1492272686,60.180694299999764,24.94977980000009
3a4511c4,1492272666,60.1718784000004,24.947662700000002
67ee18d4,1492272696,60.167942399999994,24.93151679999993
099fd64c,1492272701,60.18699439999988,24.952159200000015
7fb3b444,1492272696,60.16547630000004,24.92686210000003
8d94003c,1492272756,60.18375519999987,24.952365899999972
3a4511c4,1492272731,60.173587300000385,24.949628500000006
67ee18d4,1492272696,60.167942399999994,24.93151679999993
099fd64c,1492272776,60.185315299999985,24.951408299999965
1fcbe1e8,1492272721,60.151217,24.916251
7fb3b444,1492272791,60.1626481000001,24.923154399999913
8d94003c,1492272818,60.18603009999983,24.951512400000095
3a4511c4,1492272731,60.173587300000385,24.949628500000006
67ee18d4,1492272696,60.167942399999994,24.93151679999993
099fd64c,1492272823,60.1835062,24.952710099999962
1fcbe1e8,1492272833,60.15567630000004,24.921096400000028
030e4859,1492272807,60.19900629999995,24.93435149999994
7fb3b444,1492272888,60.1599007000001,24.92131789999991
8d94003c,1492272818,60.18603009999983,24.951512400000095
3a4511c4,1492272868,60.1792208,24.950206799999957
67ee18d4,1492272696,60.167942399999994,24.93151679999993
099fd64c,1492272823,60.1835062,24.952710099999962
1fcbe1e8,1492272833,60.15567630000004,24.921096400000028
030e4859,1492272807,60.19900629999995,24.93435149999994
7fb3b444,1492272888,60.1599007000001,24.92131789999991
8d94003c,1492272934,60.187475700000114,24.953227200000047
3a4511c4,1492272908,60.180694299999764,24.94977980000009
67ee18d4,1492272913,60.170356000000226,24.941252099999925
099fd64c,1492272823,60.1835062,24.952710099999962
1fcbe1e8,1492272833,60.15567630000004,24.921096400000028
030e4859,1492272924,60.19829059999979,24.940067900000074
7fb3b444,1492273015,60.15407,24.919259
8d94003c,1492273020,60.18978900000044,24.952289499999992
3a4511c4,1492273010,60.18375519999987,24.952365899999972
67ee18d4,1492273005,60.1718784000004,24.947662700000002
099fd64c,1492272984,60.18131169999974,24.94998989999992
1fcbe1e8,1492272833,60.15567630000004,24.921096400000028
030e4859,1492272979,60.19665080000005,24.942921399999953
7fb3b444,1492273015,60.15407,24.919259
8d94003c,1492273020,60.18978900000044,24.952289499999992
3a4511c4,1492273010,60.18375519999987,24.952365899999972
67ee18d4,1492273060,60.173587300000385,24.949628500000006
099fd64c,1492272984,60.18131169999974,24.94998989999992
1fcbe1e8,1492273075,60.1628055000001,24.92313209999991
030e4859,1492272979,60.19665080000005,24.942921399999953
7fb3b444,1492273015,60.15407,24.919259
8d94003c,1492273085,60.19097220000005,24.94864309999996
3a4511c4,1492273090,60.18603009999983,24.951512400000095
67ee18d4,1492273060,60.173587300000385,24.949628500000006
099fd64c,1492272984,60.18131169999974,24.94998989999992
1fcbe1e8,1492273075,60.1628055000001,24.92313209999991
030e4859,1492273131,60.19290160000045,24.94382509999999
7fb3b444,1492273015,60.15407,24.919259
8d94003c,1492273182,60.19437860000044,24.94533329999999
3a4511c4,1492273090,60.18603009999983,24.951512400000095
67ee18d4,1492273060,60.173587300000385,24.949628500000006
099fd64c,1492273156,60.179067600000224,24.950065599999924
1fcbe1e8,1492273075,60.1628055000001,24.92313209999991
030e4859,1492273131,60.19290160000045,24.94382509999999
7fb3b444,1492273015,60.15407,24.919259
8d94003c,1492273182,60.19437860000044,24.94533329999999
3a4511c4,1492273090,60.18603009999983,24.951512400000095
67ee18d4,1492273237,60.1792208,24.950206799999957
099fd64c,1492273156,60.179067600000224,24.950065599999924
1fcbe1e8,1492273212,60.16541510000004,24.92695000000003
030e4859,1492273258,60.18894099999992,24.95279479999998
8d94003c,1492273293,60.19818569999979,24.940630800000072
3a4511c4,1492273090,60.18603009999983,24.951512400000095
67ee18d4,1492273293,60.180694299999764,24.94977980000009
099fd64c,1492273156,60.179067600000224,24.950065599999924
1fcbe1e8,1492273283,60.167942399999994,24.93151679999993
030e4859,1492273318,60.18699439999988,24.952159200000015
8d94003c,1492273343,60.20111269999995,24.939323199999944
3a4511c4,1492273090,60.18603009999983,24.951512400000095
67ee18d4,1492273293,60.180694299999764,24.94977980000009
099fd64c,1492273338,60.1733634,24.949187600000023
1fcbe1e8,1492273283,60.167942399999994,24.93151679999993
030e4859,1492273318,60.18699439999988,24.952159200000015
8d94003c,1492273384,60.20141510000001,24.936695599999982
67ee18d4,1492273389,60.18375519999987,24.952365899999972
099fd64c,1492273429,60.171692300000146,24.947397300000084
1fcbe1e8,1492273283,60.167942399999994,24.93151679999993
030e4859,1492273318,60.18699439999988,24.952159200000015
7b6beb6d,1492273429,60.154273,24.919559
8d94003c,1492273384,60.20141510000001,24.936695599999982
67ee18d4,1492273459,60.18603009999983,24.951512400000095
099fd64c,1492273429,60.171692300000146,24.947397300000084
1fcbe1e8,1492273449,60.170356000000226,24.941252099999925
030e4859,1492273454,60.185315299999985,24.951408299999965
7b6beb6d,1492273476,60.15567630000004,24.921096400000028
7f22ebfd,1492273501,60.19900629999995,24.93435149999994
8d94003c,1492273384,60.20141510000001,24.936695599999982
67ee18d4,1492273459,60.18603009999983,24.951512400000095
099fd64c,1492273429,60.171692300000146,24.947397300000084
1fcbe1e8,1492273449,60.170356000000226,24.941252099999925
030e4859,1492273511,60.1835062,24.952710099999962
7b6beb6d,1492273476,60.15567630000004,24.921096400000028
7f22ebfd,1492273501,60.19900629999995,24.93435149999994
8d94003c,1492273384,60.20141510000001,24.936695599999982
67ee18d4,1492273566,60.187475700000114,24.953227200000047
099fd64c,1492273576,60.170435000000396,24.94067279999999
1fcbe1e8,1492273566,60.1718784000004,24.947662700000002
030e4859,1492273511,60.1835062,24.952710099999962
7b6beb6d,1492273571,60.1599322000001,24.92144009999991
7f22ebfd,1492273577,60.19829059999979,24.940067900000074
8d94003c,1492273384,60.20141510000001,24.936695599999982
67ee18d4,1492273627,60.18978900000044,24.952289499999992
099fd64c,1492273576,60.170435000000396,24.94067279999999
1fcbe1e8,1492273637,60.173587300000385,24.949628500000006
030e4859,1492273647,60.18131169999974,24.94998989999992
7b6beb6d,1492273571,60.1599322000001,24.92144009999991
7f22ebfd,1492273627,60.19665080000005,24.942921399999953
67ee18d4,1492273728,60.19097220000005,24.94864309999996
099fd64c,1492273682,60.16878209999978,24.935461699999955
1fcbe1e8,1492273637,60.173587300000385,24.949628500000006
030e4859,1492273647,60.18131169999974,24.94998989999992
7b6beb6d,1492273682,60.1628055000001,24.92313209999991
7f22ebfd,1492273738,60.19290160000045,24.94382509999999
67ee18d4,1492273784,60.19306000000044,24.943663799999992
099fd64c,1492273768,60.1678048000001,24.93125189999991
1fcbe1e8,1492273637,60.173587300000385,24.949628500000006
030e4859,1492273748,60.179067600000224,24.950065599999924
7b6beb6d,1492273784,60.16541510000004,24.92695000000003
7f22ebfd,1492273738,60.19290160000045,24.94382509999999
67ee18d4,1492273834,60.19437860000044,24.94533329999999
099fd64c,1492273849,60.16547630000004,24.92686210000003
1fcbe1e8,1492273854,60.1792208,24.950206799999957
030e4859,1492273748,60.179067600000224,24.950065599999924
7b6beb6d,1492273784,60.16541510000004,24.92695000000003
7f22ebfd,1492273824,60.19084260000014,24.948728800000083
67ee18d4,1492273834,60.19437860000044,24.94533329999999
099fd64c,1492273849,60.16547630000004,24.92686210000003
1fcbe1e8,1492273854,60.1792208,24.950206799999957
030e4859,1492273748,60.179067600000224,24.950065599999924
7b6beb6d,1492273864,60.167942399999994,24.93151679999993
7f22ebfd,1492273874,60.18894099999992,24.95279479999998
67ee18d4,1492273970,60.19818569999979,24.940630800000072
099fd64c,1492273849,60.16547630000004,24.92686210000003
1fcbe1e8,1492273925,60.180694299999764,24.94977980000009
030e4859,1492273940,60.1733634,24.949187600000023
7b6beb6d,1492273864,60.167942399999994,24.93151679999993
7f22ebfd,1492273970,60.18699439999988,24.952159200000015
67ee18d4,1492273970,60.19818569999979,24.940630800000072
099fd64c,1492274005,60.1626481000001,24.923154399999913
1fcbe1e8,1492274010,60.18375519999987,24.952365899999972
030e4859,1492274026,60.171692300000146,24.947397300000084
7b6beb6d,1492273864,60.167942399999994,24.93151679999993
7f22ebfd,1492273970,60.18699439999988,24.952159200000015
67ee18d4,1492274097,60.20141510000001,24.936695599999982
099fd64c,1492274005,60.1626481000001,24.923154399999913
1fcbe1e8,1492274067,60.18603009999983,24.951512400000095
030e4859,1492274026,60.171692300000146,24.947397300000084
7b6beb6d,1492274082,60.170356000000226,24.941252099999925
7f22ebfd,1492274077,60.1835062,24.952710099999962
67ee18d4,1492274097,60.20141510000001,24.936695599999982
099fd64c,1492274133,60.1599007000001,24.92131789999991
1fcbe1e8,1492274158,60.187475700000114,24.953227200000047
030e4859,1492274148,60.170435000000396,24.94067279999999
7b6beb6d,1492274082,60.170356000000226,24.941252099999925
7f22ebfd,1492274138,60.18131169999974,24.94998989999992
67ee18d4,1492274097,60.20141510000001,24.936695599999982
099fd64c,1492274214,60.15560630000004,24.92083810000003
1fcbe1e8,1492274219,60.18978900000044,24.952289499999992
030e4859,1492274148,60.170435000000396,24.94067279999999
7b6beb6d,1492274219,60.1718784000004,24.947662700000002
7f22ebfd,1492274138,60.18131169999974,24.94998989999992
67ee18d4,1492274097,60.20141510000001,24.936695599999982
099fd64c,1492274238,60.15407,24.919259
1fcbe1e8,1492274219,60.18978900000044,24.952289499999992
030e4859,1492274259,60.16878209999978,24.935461699999955
7b6beb6d,1492274219,60.1718784000004,24.947662700000002
7f22ebfd,1492274224,60.179067600000224,24.950065599999924
67ee18d4,1492274097,60.20141510000001,24.936695599999982
099fd64c,1492274295,60.151329,24.915588
1fcbe1e8,1492274340,60.19306000000044,24.943663799999992
030e4859,1492274259,60.16878209999978,24.935461699999955
7b6beb6d,1492274290,60.173587300000385,24.949628500000006
7f22ebfd,1492274224,60.179067600000224,24.950065599999924
099fd64c,1492274295,60.151329,24.915588
1fcbe1e8,1492274385,60.19437860000044,24.94533329999999
030e4859,1492274355,60.1678048000001,24.93125189999991
7b6beb6d,1492274290,60.173587300000385,24.949628500000006
7f22ebfd,1492274385,60.1733634,24.949187600000023
099fd64c,1492274295,60.151329,24.915588
1fcbe1e8,1492274385,60.19437860000044,24.94533329999999
030e4859,1492274436,60.16547630000004,24.92686210000003
7b6beb6d,1492274441,60.1792208,24.950206799999957
7f22ebfd,1492274385,60.1733634,24.949187600000023
099fd64c,1492274295,60.151329,24.915588
1fcbe1e8,1492274506,60.19818569999979,24.940630800000072
030e4859,1492274436,60.16547630000004,24.92686210000003
7b6beb6d,1492274516,60.180694299999764,24.94977980000009
7f22ebfd,1492274471,60.171692300000146,24.947397300000084
099fd64c,1492274295,60.151329,24.915588
1fcbe1e8,1492274562,60.20111269999995,24.939323199999944
030e4859,1492274552,60.1626481000001,24.923154399999913
7b6beb6d,1492274516,60.180694299999764,24.94977980000009
7f22ebfd,1492274471,60.171692300000146,24.947397300000084
62876774,1492274603,60.19900629999995,24.93435149999994
1fcbe1e8,1492274603,60.20141510000001,24.936695599999982
030e4859,1492274638,60.1599007000001,24.92131789999991
7b6beb6d,1492274608,60.18375519999987,24.952365899999972
7f22ebfd,1492274598,60.170435000000396,24.94067279999999
f3f1003d,1492274598,60.151217,24.916251
62876774,1492274603,60.19900629999995,24.93435149999994
1fcbe1e8,1492274603,60.20141510000001,24.936695599999982
030e4859,1492274638,60.1599007000001,24.92131789999991
7b6beb6d,1492274674,60.18603009999983,24.951512400000095
7f22ebfd,1492274598,60.170435000000396,24.94067279999999
f3f1003d,1492274673,60.154273,24.919559
62876774,1492274754,60.19665080000005,24.942921399999953
1fcbe1e8,1492274603,60.20141510000001,24.936695599999982
030e4859,1492274744,60.15407,24.919259
7b6beb6d,1492274674,60.18603009999983,24.951512400000095
7f22ebfd,1492274709,60.16878209999978,24.935461699999955
f3f1003d,1492274714,60.15567630000004,24.921096400000028
62876774,1492274754,60.19665080000005,24.942921399999953
1fcbe1e8,1492274603,60.20141510000001,24.936695599999982
030e4859,1492274800,60.151329,24.915588
7b6beb6d,1492274774,60.187475700000114,24.953227200000047
7f22ebfd,1492274790,60.1678048000001,24.93125189999991
f3f1003d,1492274795,60.1599322000001,24.92144009999991
62876774,1492274865,60.19290160000045,24.94382509999999
1fcbe1e8,1492274603,60.20141510000001,24.936695599999982
030e4859,1492274800,60.151329,24.915588
7b6beb6d,1492274850,60.18978900000044,24.952289499999992
7f22ebfd,1492274870,60.16547630000004,24.92686210000003
f3f1003d,1492274795,60.1599322000001,24.92144009999991
62876774,1492274932,60.19084260000014,24.948728800000083
030e4859,1492274800,60.151329,24.915588
7b6beb6d,1492274932,60.19097220000005,24.94864309999996
7f22ebfd,1492274870,60.16547630000004,24.92686210000003
f3f1003d,1492274895,60.1628055000001,24.92313209999991
62876774,1492274932,60.19084260000014,24.948728800000083
030e4859,1492274800,60.151329,24.915588
7b6beb6d,1492274932,60.19097220000005,24.94864309999996
7f22ebfd,1492274870,60.16547630000004,24.92686210000003
f3f1003d,1492274972,60.16541510000004,24.92695000000003
62876774,1492275032,60.18894099999992,24.95279479999998
030e4859,1492274800,60.151329,24.915588
7b6beb6d,1492275053,60.19437860000044,24.94533329999999
7f22ebfd,1492275002,60.1626481000001,24.923154399999913
f3f1003d,1492274972,60.16541510000004,24.92695000000003
62876774,1492275098,60.18699439999988,24.952159200000015
7b6beb6d,1492275053,60.19437860000044,24.94533329999999
7f22ebfd,1492275103,60.1599007000001,24.92131789999991
f3f1003d,1492275063,60.167942399999994,24.93151679999993
62876774,1492275098,60.18699439999988,24.952159200000015
7b6beb6d,1492275178,60.19818569999979,24.940630800000072
7f22ebfd,1492275103,60.1599007000001,24.92131789999991
f3f1003d,1492275148,60.16878809999978,24.935794999999956
18586920,1492275194,60.151217,24.916251
62876774,1492275199,60.185315299999985,24.951408299999965
7b6beb6d,1492275230,60.20111269999995,24.939323199999944
7f22ebfd,1492275219,60.15407,24.919259
f3f1003d,1492275235,60.170356000000226,24.941252099999925
1bd18f4a,1492275194,60.19900629999995,24.93435149999994
18586920,1492275285,60.15567630000004,24.921096400000028
62876774,1492275265,60.1835062,24.952710099999962
7b6beb6d,1492275290,60.20141510000001,24.936695599999982
7f22ebfd,1492275275,60.151329,24.915588
f3f1003d,1492275235,60.170356000000226,24.941252099999925
1bd18f4a,1492275300,60.19829059999979,24.940067900000074
18586920,1492275285,60.15567630000004,24.921096400000028
62876774,1492275265,60.1835062,24.952710099999962
7b6beb6d,1492275290,60.20141510000001,24.936695599999982
7f22ebfd,1492275275,60.151329,24.915588
f3f1003d,1492275325,60.1718784000004,24.947662700000002
1bd18f4a,1492275361,60.19665080000005,24.942921399999953
18586920,1492275371,60.1599322000001,24.92144009999991
62876774,1492275265,60.1835062,24.952710099999962
7b6beb6d,1492275290,60.20141510000001,24.936695599999982
7f22ebfd,1492275275,60.151329,24.915588
f3f1003d,1492275325,60.1718784000004,24.947662700000002
1bd18f4a,1492275361,60.19665080000005,24.942921399999953
18586920,1492275371,60.1599322000001,24.92144009999991
62876774,1492275265,60.1835062,24.952710099999962
7b6beb6d,1492275290,60.20141510000001,24.936695599999982
7f22ebfd,1492275275,60.151329,24.915588
f3f1003d,1492275426,60.173587300000385,24.949628500000006
1bd18f4a,1492275472,60.19290160000045,24.94382509999999
18586920,1492275497,60.1628055000001,24.92313209999991
62876774,1492275265,60.1835062,24.952710099999962
7b6beb6d,1492275290,60.20141510000001,24.936695599999982
7f22ebfd,1492275275,60.151329,24.915588
f3f1003d,1492275426,60.173587300000385,24.949628500000006
1bd18f4a,1492275527,60.19084260000014,24.948728800000083
18586920,1492275589,60.16541510000004,24.92695000000003
f3f1003d,1492275584,60.1792208,24.950206799999957
1bd18f4a,1492275527,60.19084260000014,24.948728800000083
18586920,1492275659,60.167942399999994,24.93151679999993
f3f1003d,1492275654,60.180694299999764,24.94977980000009
1bd18f4a,1492275659,60.18699439999988,24.952159200000015
18586920,1492275659,60.167942399999994,24.93151679999993
62876774,1492275709,60.18131169999974,24.94998989999992
f3f1003d,1492275654,60.180694299999764,24.94977980000009
1bd18f4a,1492275659,60.18699439999988,24.952159200000015
18586920,1492275770,60.16878809999978,24.935794999999956
62876774,1492275709,60.18131169999974,24.94998989999992
f3f1003d,1492275750,60.18375519999987,24.952365899999972
1bd18f4a,1492275745,60.185315299999985,24.951408299999965
18586920,1492275770,60.16878809999978,24.935794999999956
62876774,1492275800,60.179067600000224,24.950065599999924
f3f1003d,1492275821,60.18603009999983,24.951512400000095
1bd18f4a,1492275810,60.1835062,24.952710099999962
468f6aa5,1492275790,60.19900629999995,24.93435149999994
2144b034,1492275800,60.151217,24.916251
18586920,1492275770,60.16878809999978,24.935794999999956
62876774,1492275800,60.179067600000224,24.950065599999924
f3f1003d,1492275821,60.18603009999983,24.951512400000095
1bd18f4a,1492275810,60.1835062,24.952710099999962
468f6aa5,1492275891,60.19829059999979,24.940067900000074
2144b034,1492275876,60.15567630000004,24.921096400000028
18586920,1492275917,60.170356000000226,24.941252099999925
62876774,1492275800,60.179067600000224,24.950065599999924
f3f1003d,1492275912,60.187475700000114,24.953227200000047
1bd18f4a,1492275917,60.18131169999974,24.94998989999992
468f6aa5,1492275942,60.19665080000005,24.942921399999953
2144b034,1492275957,60.1599322000001,24.92144009999991
18586920,1492275917,60.170356000000226,24.941252099999925
62876774,1492275962,60.1733634,24.949187600000023
f3f1003d,1492275982,60.18978900000044,24.952289499999992
1bd18f4a,1492275917,60.18131169999974,24.94998989999992
468f6aa5,1492276007,60.19433160000044,24.94498059999999
2144b034,1492275957,60.1599322000001,24.92144009999991
18586920,1492275917,60.170356000000226,24.941252099999925
62876774,1492276052,60.171692300000146,24.947397300000084
f3f1003d,1492276077,60.19097220000005,24.94864309999996
1bd18f4a,1492276027,60.179067600000224,24.950065599999924
468f6aa5,1492276052,60.19290160000045,24.94382509999999
2144b034,1492276067,60.1628055000001,24.92313209999991
18586920,1492275917,60.170356000000226,24.941252099999925
62876774,1492276052,60.171692300000146,24.947397300000084
f3f1003d,1492276134,60.19306000000044,24.943663799999992
1bd18f4a,1492276027,60.179067600000224,24.950065599999924
468f6aa5,1492276114,60.19084260000014,24.948728800000083
2144b034,1492276067,60.1628055000001,24.92313209999991
18586920,1492276189,60.173587300000385,24.949628500000006
62876774,1492276154,60.170435000000396,24.94067279999999
f3f1003d,1492276179,60.19437860000044,24.94533329999999
1bd18f4a,1492276184,60.1733634,24.949187600000023
468f6aa5,1492276114,60.19084260000014,24.948728800000083
2144b034,1492276159,60.16541510000004,24.92695000000003
18586920,1492276189,60.173587300000385,24.949628500000006
62876774,1492276154,60.170435000000396,24.94067279999999
f3f1003d,1492276179,60.19437860000044,24.94533329999999
1bd18f4a,1492276184,60.1733634,24.949187600000023
468f6aa5,1492276214,60.18894099999992,24.95279479999998
2144b034,1492276239,60.167942399999994,24.93151679999993
18586920,1492276189,60.173587300000385,24.949628500000006
62876774,1492276275,60.16878209999978,24.935461699999955
f3f1003d,1492276305,60.19818569999979,24.940630800000072
1bd18f4a,1492276265,60.171692300000146,24.947397300000084
468f6aa5,1492276300,60.18699439999988,24.952159200000015
2144b034,1492276316,60.16878809999978,24.935794999999956
18586920,1492276189,60.173587300000385,24.949628500000006
62876774,1492276356,60.1678048000001,24.93125189999991
f3f1003d,1492276305,60.19818569999979,24.940630800000072
1bd18f4a,1492276265,60.171692300000146,24.947397300000084
468f6aa5,1492276376,60.185315299999985,24.951408299999965
2144b034,1492276316,60.16878809999978,24.935794999999956
18586920,1492276391,60.1792208,24.950206799999957
62876774,1492276356,60.1678048000001,24.93125189999991
f3f1003d,1492276427,60.20141510000001,24.936695599999982
1bd18f4a,1492276427,60.170435000000396,24.94067279999999
468f6aa5,1492276437,60.1835062,24.952710099999962
2144b034,1492276316,60.16878809999978,24.935794999999956
18586920,1492276477,60.180694299999764,24.94977980000009
62876774,1492276452,60.16547630000004,24.92686210000003
f3f1003d,1492276427,60.20141510000001,24.936695599999982
1bd18f4a,1492276427,60.170435000000396,24.94067279999999
468f6aa5,1492276437,60.1835062,24.952710099999962
2144b034,1492276462,60.170356000000226,24.941252099999925
18586920,1492276477,60.180694299999764,24.94977980000009
62876774,1492276537,60.1626481000001,24.923154399999913
f3f1003d,1492276427,60.20141510000001,24.936695599999982
1bd18f4a,1492276427,60.170435000000396,24.94067279999999
468f6aa5,1492276552,60.18131169999974,24.94998989999992
2144b034,1492276462,60.170356000000226,24.941252099999925
18586920,1492276568,60.18375519999987,24.952365899999972
62876774,1492276537,60.1626481000001,24.923154399999913
f3f1003d,1492276427,60.20141510000001,24.936695599999982
1bd18f4a,1492276598,60.16878209999978,24.935461699999955
468f6aa5,1492276552,60.18131169999974,24.94998989999992
2144b034,1492276578,60.1718784000004,24.947662700000002
18586920,1492276629,60.18603009999983,24.951512400000095
62876774,1492276664,60.1599007000001,24.92131789999991
f3f1003d,1492276427,60.20141510000001,24.936695599999982
1bd18f4a,1492276598,60.16878209999978,24.935461699999955
468f6aa5,1492276629,60.179067600000224,24.950065599999924
2144b034,1492276629,60.173587300000385,24.949628500000006
18586920,1492276719,60.187475700000114,24.953227200000047
62876774,1492276664,60.1599007000001,24.92131789999991
1bd18f4a,1492276684,60.1678048000001,24.93125189999991
468f6aa5,1492276629,60.179067600000224,24.950065599999924
2144b034,1492276629,60.173587300000385,24.949628500000006
18586920,1492276795,60.18978900000044,24.952289499999992
62876774,1492276780,60.15407,24.919259
1bd18f4a,1492276765,60.16547630000004,24.92686210000003
468f6aa5,1492276785,60.1733634,24.949187600000023
2144b034,1492276770,60.1792208,24.950206799999957
